id,position,product_id,created_at,updated_at,admin_graphql_api_id,width,height,src,_dlt_root_id,_dlt_parent_id,_dlt_list_idx,_dlt_id
46139569799488,1,9599857033536,2024-09-23 12:16:13-04,2024-09-23 12:16:13-04,gid://shopify/ProductImage/46139569799488,635,560,https://cdn.shopify.com/s/files/1/0894/9868/1664/files/9f190cba7218c819c81566bca6298c6a.jpg?v=1727108172,JqxHrOtD8JR2wg,JqxHrOtD8JR2wg,0,frP6s/5Yk7NP+A
46139569832256,2,9599857033536,2024-09-23 12:16:13-04,2024-09-23 12:16:13-04,gid://shopify/ProductImage/46139569832256,635,560,https://cdn.shopify.com/s/files/1/0894/9868/1664/files/57a6013d4b24210dd35456e5890e9a2e.jpg?v=1727108172,JqxHrOtD8JR2wg,JqxHrOtD8JR2wg,1,aKdWO0+k5lW78A
46139569865024,3,9599857033536,2024-09-23 12:16:13-04,2024-09-23 12:16:13-04,gid://shopify/ProductImage/46139569865024,635,560,https://cdn.shopify.com/s/files/1/0894/9868/1664/files/10835069b66a4a8ffc47febc6e88aee7.jpg?v=1727108172,JqxHrOtD8JR2wg,JqxHrOtD8JR2wg,2,d25WkmJ3gb7rEA
46139569897792,4,9599857033536,2024-09-23 12:16:13-04,2024-09-23 12:16:13-04,gid://shopify/ProductImage/46139569897792,635,560,https://cdn.shopify.com/s/files/1/0894/9868/1664/files/81ae3a034de733944fd314f6d27c844f.jpg?v=1727108173,JqxHrOtD8JR2wg,JqxHrOtD8JR2wg,3,1i7EyoDAvvbNXg
46139569930560,5,9599857033536,2024-09-23 12:16:13-04,2024-09-23 12:16:13-04,gid://shopify/ProductImage/46139569930560,635,560,https://cdn.shopify.com/s/files/1/0894/9868/1664/files/1580fdd3164d608c47a5d7d6eccbf4cc.jpg?v=1727108173,JqxHrOtD8JR2wg,JqxHrOtD8JR2wg,4,34R3WJv54FS8Pw
46139573666112,1,9599857328448,2024-09-23 12:16:45-04,2024-09-23 12:16:45-04,gid://shopify/ProductImage/46139573666112,635,560,https://cdn.shopify.com/s/files/1/0894/9868/1664/files/343bfbfc1a10a39a528a3d34367669c2.jpg?v=1727108205,lQ4GlfszsKeTSw,lQ4GlfszsKeTSw,0,UT4OtN48vsMPZw
46139573698880,2,9599857328448,2024-09-23 12:16:45-04,2024-09-23 12:16:45-04,gid://shopify/ProductImage/46139573698880,635,560,https://cdn.shopify.com/s/files/1/0894/9868/1664/files/548e71e82d4b2d3bdd2b739b4872edc9.jpg?v=1727108205,lQ4GlfszsKeTSw,lQ4GlfszsKeTSw,1,tgvjjE7W+okPiQ
46139573731648,3,9599857328448,2024-09-23 12:16:45-04,2024-09-23 12:16:45-04,gid://shopify/ProductImage/46139573731648,635,560,https://cdn.shopify.com/s/files/1/0894/9868/1664/files/92b18b29e25d47479716de9da45c6f11.jpg?v=1727108205,lQ4GlfszsKeTSw,lQ4GlfszsKeTSw,2,egSzRz2OMm7lfQ
46139573764416,4,9599857328448,2024-09-23 12:16:45-04,2024-09-23 12:16:45-04,gid://shopify/ProductImage/46139573764416,635,560,https://cdn.shopify.com/s/files/1/0894/9868/1664/files/849cb34b82473241efdfcf60f9106452.jpg?v=1727108205,lQ4GlfszsKeTSw,lQ4GlfszsKeTSw,3,oS96WrzuwApifA
46139573797184,5,9599857328448,2024-09-23 12:16:45-04,2024-09-23 12:16:45-04,gid://shopify/ProductImage/46139573797184,635,560,https://cdn.shopify.com/s/files/1/0894/9868/1664/files/262cb366636c10febf8b843a1d0853c5.jpg?v=1727108205,lQ4GlfszsKeTSw,lQ4GlfszsKeTSw,4,zdkhk2wUULdscw
46139577106752,1,9599857754432,2024-09-23 12:17:18-04,2024-09-23 12:17:18-04,gid://shopify/ProductImage/46139577106752,635,560,https://cdn.shopify.com/s/files/1/0894/9868/1664/files/cd759395d74526f72c3b0c43c91b4220.jpg?v=1727108238,sFUTVsvmWD2xRA,sFUTVsvmWD2xRA,0,PXHuRnhDao5Tlw
46139577139520,2,9599857754432,2024-09-23 12:17:19-04,2024-09-23 12:17:19-04,gid://shopify/ProductImage/46139577139520,635,560,https://cdn.shopify.com/s/files/1/0894/9868/1664/files/b9434ec4984a3979f568d71eebec38be.jpg?v=1727108238,sFUTVsvmWD2xRA,sFUTVsvmWD2xRA,1,SYeCmCB5D4nufQ
46139577172288,3,9599857754432,2024-09-23 12:17:19-04,2024-09-23 12:17:19-04,gid://shopify/ProductImage/46139577172288,635,560,https://cdn.shopify.com/s/files/1/0894/9868/1664/files/4921245d10cca7aa239256cbec46be20.jpg?v=1727108238,sFUTVsvmWD2xRA,sFUTVsvmWD2xRA,2,KkZJyqF5xyRgqw
46139577205056,4,9599857754432,2024-09-23 12:17:19-04,2024-09-23 12:17:19-04,gid://shopify/ProductImage/46139577205056,635,560,https://cdn.shopify.com/s/files/1/0894/9868/1664/files/474bf8aec6e0f5fdbde6a179bd86acf9.jpg?v=1727108238,sFUTVsvmWD2xRA,sFUTVsvmWD2xRA,3,nvb33pHkQ93Vkw
46139577237824,5,9599857754432,2024-09-23 12:17:19-04,2024-09-23 12:17:19-04,gid://shopify/ProductImage/46139577237824,635,560,https://cdn.shopify.com/s/files/1/0894/9868/1664/files/dd3fcc9e9135bc10a57463bc532f7858.jpg?v=1727108238,sFUTVsvmWD2xRA,sFUTVsvmWD2xRA,4,avxtPb9O1T4ocg
46139577696576,1,9599857787200,2024-09-23 12:17:24-04,2024-09-23 12:17:24-04,gid://shopify/ProductImage/46139577696576,635,560,https://cdn.shopify.com/s/files/1/0894/9868/1664/files/d0fb461a3a28439eb5a45b2e2fb232bb.jpg?v=1727108244,KFSSNw4v4cc5ew,KFSSNw4v4cc5ew,0,ebjgzjIGUwdCow
46139577729344,2,9599857787200,2024-09-23 12:17:24-04,2024-09-23 12:17:24-04,gid://shopify/ProductImage/46139577729344,635,560,https://cdn.shopify.com/s/files/1/0894/9868/1664/files/ef0dd8033f11f8685ea287e35c9af258.jpg?v=1727108244,KFSSNw4v4cc5ew,KFSSNw4v4cc5ew,1,hAIXkFnl4qKUsQ
46139577762112,3,9599857787200,2024-09-23 12:17:24-04,2024-09-23 12:17:24-04,gid://shopify/ProductImage/46139577762112,635,560,https://cdn.shopify.com/s/files/1/0894/9868/1664/files/a8433b27433c750dabc5c2ffee71a7d8.jpg?v=1727108244,KFSSNw4v4cc5ew,KFSSNw4v4cc5ew,2,KuEyMqQ7GNGAxw
46139577794880,4,9599857787200,2024-09-23 12:17:25-04,2024-09-23 12:17:25-04,gid://shopify/ProductImage/46139577794880,635,560,https://cdn.shopify.com/s/files/1/0894/9868/1664/files/a3ae47694220cefcf42599af62a03919.jpg?v=1727108244,KFSSNw4v4cc5ew,KFSSNw4v4cc5ew,3,HBaE08Jzuq7U8A
46139577827648,5,9599857787200,2024-09-23 12:17:25-04,2024-09-23 12:17:25-04,gid://shopify/ProductImage/46139577827648,635,560,https://cdn.shopify.com/s/files/1/0894/9868/1664/files/b94adbe2e88cdd487fc6dd796c28d617.jpg?v=1727108244,KFSSNw4v4cc5ew,KFSSNw4v4cc5ew,4,VMwXJ7/PECWPzw
46139580186944,1,9599857918272,2024-09-23 12:17:40-04,2024-09-23 12:17:40-04,gid://shopify/ProductImage/46139580186944,635,560,https://cdn.shopify.com/s/files/1/0894/9868/1664/files/141e61b24821f6212219a381ed19ac8a.jpg?v=1727108260,12VBJkFYBVOAiQ,12VBJkFYBVOAiQ,0,BZpTCyB0Te71KQ
46139580219712,2,9599857918272,2024-09-23 12:17:40-04,2024-09-23 12:17:40-04,gid://shopify/ProductImage/46139580219712,635,560,https://cdn.shopify.com/s/files/1/0894/9868/1664/files/32a3557bccae4e2f615726a1aa7550fb.jpg?v=1727108260,12VBJkFYBVOAiQ,12VBJkFYBVOAiQ,1,ZzFMoz8gQXkDqQ
46139580252480,3,9599857918272,2024-09-23 12:17:40-04,2024-09-23 12:17:40-04,gid://shopify/ProductImage/46139580252480,635,560,https://cdn.shopify.com/s/files/1/0894/9868/1664/files/609ed43084a591eddac8bcf740787215.jpg?v=1727108260,12VBJkFYBVOAiQ,12VBJkFYBVOAiQ,2,y6g9lqBJFHkOyg
46139580285248,4,9599857918272,2024-09-23 12:17:40-04,2024-09-23 12:17:40-04,gid://shopify/ProductImage/46139580285248,635,560,https://cdn.shopify.com/s/files/1/0894/9868/1664/files/ec797abd9582e4b22cda99a72fb14b76.jpg?v=1727108260,12VBJkFYBVOAiQ,12VBJkFYBVOAiQ,3,+HFGt26g8nbI/w
46139581727040,1,9599857983808,2024-09-23 12:17:45-04,2024-09-23 12:17:45-04,gid://shopify/ProductImage/46139581727040,635,560,https://cdn.shopify.com/s/files/1/0894/9868/1664/files/8d7a6c39d295441c940cb2bacfd34794.jpg?v=1727108265,8iejjkXwDY8Yjw,8iejjkXwDY8Yjw,0,JICdKOEXpY7DBw
46139581759808,2,9599857983808,2024-09-23 12:17:45-04,2024-09-23 12:17:45-04,gid://shopify/ProductImage/46139581759808,635,560,https://cdn.shopify.com/s/files/1/0894/9868/1664/files/5e9b81fa0cc9e624f05135f9d6a5e9c6.jpg?v=1727108265,8iejjkXwDY8Yjw,8iejjkXwDY8Yjw,1,oiM4B12khmXU6A
46139581792576,3,9599857983808,2024-09-23 12:17:45-04,2024-09-23 12:17:45-04,gid://shopify/ProductImage/46139581792576,635,560,https://cdn.shopify.com/s/files/1/0894/9868/1664/files/c89d6c41716d18d35a319b2fc9076f00.jpg?v=1727108265,8iejjkXwDY8Yjw,8iejjkXwDY8Yjw,2,uWW/y2Wj0aH9zQ
46139581825344,4,9599857983808,2024-09-23 12:17:45-04,2024-09-23 12:17:45-04,gid://shopify/ProductImage/46139581825344,635,560,https://cdn.shopify.com/s/files/1/0894/9868/1664/files/f531a2e3638b96c7dfbb8996be358a71.jpg?v=1727108265,8iejjkXwDY8Yjw,8iejjkXwDY8Yjw,3,QXKr6TLCYCmERQ
46139581858112,5,9599857983808,2024-09-23 12:17:45-04,2024-09-23 12:17:45-04,gid://shopify/ProductImage/46139581858112,635,560,https://cdn.shopify.com/s/files/1/0894/9868/1664/files/6fa35f6e73c14056c983b3779f4933b8.jpg?v=1727108265,8iejjkXwDY8Yjw,8iejjkXwDY8Yjw,4,+Fhzp2LBccB3Hg
46139587297600,1,9599858344256,2024-09-23 12:18:19-04,2024-09-23 12:18:19-04,gid://shopify/ProductImage/46139587297600,635,560,https://cdn.shopify.com/s/files/1/0894/9868/1664/files/7883dc186e15bf29dad696e1e989e914.jpg?v=1727108299,SizdyNAjoYlfYw,SizdyNAjoYlfYw,0,0LnaFEIFBwcCxA
46139587330368,2,9599858344256,2024-09-23 12:18:19-04,2024-09-23 12:18:19-04,gid://shopify/ProductImage/46139587330368,635,560,https://cdn.shopify.com/s/files/1/0894/9868/1664/files/8cd561824439482e3cea5ba8e3a6e2f6.jpg?v=1727108299,SizdyNAjoYlfYw,SizdyNAjoYlfYw,1,eT7EZFBT39pP4g
46139587363136,3,9599858344256,2024-09-23 12:18:19-04,2024-09-23 12:18:19-04,gid://shopify/ProductImage/46139587363136,635,560,https://cdn.shopify.com/s/files/1/0894/9868/1664/files/2e1f72987692d2dcc3c02be2f194d6c5.jpg?v=1727108299,SizdyNAjoYlfYw,SizdyNAjoYlfYw,2,oA1u79zgvTbArA
46139587395904,4,9599858344256,2024-09-23 12:18:19-04,2024-09-23 12:18:19-04,gid://shopify/ProductImage/46139587395904,635,560,https://cdn.shopify.com/s/files/1/0894/9868/1664/files/6216e82660d881e6f2b0e46dc3f8844a.jpg?v=1727108299,SizdyNAjoYlfYw,SizdyNAjoYlfYw,3,Km4JH6HL2otkTg
46139587428672,5,9599858344256,2024-09-23 12:18:19-04,2024-09-23 12:18:19-04,gid://shopify/ProductImage/46139587428672,635,560,https://cdn.shopify.com/s/files/1/0894/9868/1664/files/e5247cc373e3b61f18013282a6d9c3c0.jpg?v=1727108299,SizdyNAjoYlfYw,SizdyNAjoYlfYw,4,8ah8pvxFKhwlOg
46139587658048,1,9599858377024,2024-09-23 12:18:22-04,2024-09-23 12:18:22-04,gid://shopify/ProductImage/46139587658048,635,560,https://cdn.shopify.com/s/files/1/0894/9868/1664/files/ccba62c19289e4b5f14b180c05836614.jpg?v=1727108302,JZovuSrinuvnyQ,JZovuSrinuvnyQ,0,e3XSOipi34deww
46139587690816,2,9599858377024,2024-09-23 12:18:22-04,2024-09-23 12:18:22-04,gid://shopify/ProductImage/46139587690816,635,560,https://cdn.shopify.com/s/files/1/0894/9868/1664/files/c872c818621155d8fb535ee9d9c98803.jpg?v=1727108302,JZovuSrinuvnyQ,JZovuSrinuvnyQ,1,/Axx3CrJ5sOfdQ
46139589460288,1,9599858573632,2024-09-23 12:18:36-04,2024-09-23 12:18:36-04,gid://shopify/ProductImage/46139589460288,635,560,https://cdn.shopify.com/s/files/1/0894/9868/1664/files/58262e66c5e9731050280eb16880d5a4.jpg?v=1727108316,NSGjeOy+k0d01A,NSGjeOy+k0d01A,0,NHhRnhr7mMW2Ng
46139589493056,2,9599858573632,2024-09-23 12:18:36-04,2024-09-23 12:18:36-04,gid://shopify/ProductImage/46139589493056,635,560,https://cdn.shopify.com/s/files/1/0894/9868/1664/files/0c431da3011f1bc086cb561266367207.jpg?v=1727108316,NSGjeOy+k0d01A,NSGjeOy+k0d01A,1,10L5Ft2EbVfB9g
46139589525824,3,9599858573632,2024-09-23 12:18:36-04,2024-09-23 12:18:36-04,gid://shopify/ProductImage/46139589525824,635,560,https://cdn.shopify.com/s/files/1/0894/9868/1664/files/93c1c61ff207aac853d1f482e03fcd3c.jpg?v=1727108316,NSGjeOy+k0d01A,NSGjeOy+k0d01A,2,SP2PhlyL2vTsTw
46139589558592,4,9599858573632,2024-09-23 12:18:36-04,2024-09-23 12:18:36-04,gid://shopify/ProductImage/46139589558592,635,560,https://cdn.shopify.com/s/files/1/0894/9868/1664/files/c1a864cb74de0e0fd0004872d6a00edd.jpg?v=1727108316,NSGjeOy+k0d01A,NSGjeOy+k0d01A,3,zxYQvejHiC+HOw
46139588477248,1,9599858475328,2024-09-23 12:18:31-04,2024-09-23 12:18:31-04,gid://shopify/ProductImage/46139588477248,635,560,https://cdn.shopify.com/s/files/1/0894/9868/1664/files/6170fd62b8ebee856d0cbdeac874abfd.jpg?v=1727108311,FCaReXK1GcInyA,FCaReXK1GcInyA,0,/X4vSB3LHe41qg
46139588510016,2,9599858475328,2024-09-23 12:18:31-04,2024-09-23 12:18:31-04,gid://shopify/ProductImage/46139588510016,635,560,https://cdn.shopify.com/s/files/1/0894/9868/1664/files/47698bde92b6be2114ca1ac014e7d5cf.jpg?v=1727108311,FCaReXK1GcInyA,FCaReXK1GcInyA,1,mdLtpfWNP8vorg
46139588542784,3,9599858475328,2024-09-23 12:18:31-04,2024-09-23 12:18:31-04,gid://shopify/ProductImage/46139588542784,635,560,https://cdn.shopify.com/s/files/1/0894/9868/1664/files/2406ea4db27c3e7bbc7f77d9d6ce1fa8.jpg?v=1727108311,FCaReXK1GcInyA,FCaReXK1GcInyA,2,kwGys4VE0mtL3A
46139588575552,4,9599858475328,2024-09-23 12:18:31-04,2024-09-23 12:18:31-04,gid://shopify/ProductImage/46139588575552,635,560,https://cdn.shopify.com/s/files/1/0894/9868/1664/files/3f1610213c3029bbf6f050505fc02823.jpg?v=1727108311,FCaReXK1GcInyA,FCaReXK1GcInyA,3,XtZdED0Es9mVNA
46139590771008,1,9599858671936,2024-09-23 12:18:43-04,2024-09-23 12:18:43-04,gid://shopify/ProductImage/46139590771008,635,560,https://cdn.shopify.com/s/files/1/0894/9868/1664/files/8072c8b5718306d4be25aac21836ce16.jpg?v=1727108323,z+36+sxAFD4CUg,z+36+sxAFD4CUg,0,g3Wakg0WXFG2xg
46139590803776,2,9599858671936,2024-09-23 12:18:43-04,2024-09-23 12:18:43-04,gid://shopify/ProductImage/46139590803776,635,560,https://cdn.shopify.com/s/files/1/0894/9868/1664/files/32b3863554f4686d825d9da18a24cfc6.jpg?v=1727108323,z+36+sxAFD4CUg,z+36+sxAFD4CUg,1,VPFl7iD5r3pJSQ
46139590836544,3,9599858671936,2024-09-23 12:18:43-04,2024-09-23 12:18:43-04,gid://shopify/ProductImage/46139590836544,635,560,https://cdn.shopify.com/s/files/1/0894/9868/1664/files/044f848776141f1024eae6c610a28d12.jpg?v=1727108323,z+36+sxAFD4CUg,z+36+sxAFD4CUg,2,gWyLGkFAVaYm9w
46139570094400,1,9599857066304,2024-09-23 12:16:18-04,2024-09-23 12:16:18-04,gid://shopify/ProductImage/46139570094400,635,560,https://cdn.shopify.com/s/files/1/0894/9868/1664/files/d841f71ea6845bf6005453e15a18c632.jpg?v=1727108178,wadS6HNtXlOKCQ,wadS6HNtXlOKCQ,0,DkCS47BPUNHZFg
46139570127168,2,9599857066304,2024-09-23 12:16:18-04,2024-09-23 12:16:18-04,gid://shopify/ProductImage/46139570127168,635,560,https://cdn.shopify.com/s/files/1/0894/9868/1664/files/3b606f0309eac2cc095a912eb26d7c73.jpg?v=1727108178,wadS6HNtXlOKCQ,wadS6HNtXlOKCQ,1,vgcvVBEDM4N1wg
46139570159936,3,9599857066304,2024-09-23 12:16:18-04,2024-09-23 12:16:18-04,gid://shopify/ProductImage/46139570159936,635,560,https://cdn.shopify.com/s/files/1/0894/9868/1664/files/364ba59021acf686e6da73715e110f39.jpg?v=1727108178,wadS6HNtXlOKCQ,wadS6HNtXlOKCQ,2,vZK44uraoRzlkA
46139570192704,4,9599857066304,2024-09-23 12:16:18-04,2024-09-23 12:16:18-04,gid://shopify/ProductImage/46139570192704,635,560,https://cdn.shopify.com/s/files/1/0894/9868/1664/files/be935fef3876ebfdd8e3f0760406d363.jpg?v=1727108178,wadS6HNtXlOKCQ,wadS6HNtXlOKCQ,3,uOlwHLEqkVLTAw
46139570225472,5,9599857066304,2024-09-23 12:16:18-04,2024-09-23 12:16:18-04,gid://shopify/ProductImage/46139570225472,635,560,https://cdn.shopify.com/s/files/1/0894/9868/1664/files/240a66624494c29907de282b681e33e3.jpg?v=1727108178,wadS6HNtXlOKCQ,wadS6HNtXlOKCQ,4,uynw75GLJxKqwA
46139570913600,1,9599857131840,2024-09-23 12:16:24-04,2024-09-23 12:16:24-04,gid://shopify/ProductImage/46139570913600,635,560,https://cdn.shopify.com/s/files/1/0894/9868/1664/files/883c6488076367d30ddd8481164ec7e2.jpg?v=1727108184,DaSyR8Tw+qEfyA,DaSyR8Tw+qEfyA,0,VKy3s+TiePdoXg
46139570946368,2,9599857131840,2024-09-23 12:16:24-04,2024-09-23 12:16:24-04,gid://shopify/ProductImage/46139570946368,635,560,https://cdn.shopify.com/s/files/1/0894/9868/1664/files/97f3ba542625b7e4fe30c276b8bf66a0.jpg?v=1727108184,DaSyR8Tw+qEfyA,DaSyR8Tw+qEfyA,1,ECn/dqcBBuLa0g
46139570979136,3,9599857131840,2024-09-23 12:16:24-04,2024-09-23 12:16:24-04,gid://shopify/ProductImage/46139570979136,635,560,https://cdn.shopify.com/s/files/1/0894/9868/1664/files/f42609d166105b49504e80f4bc612a53.jpg?v=1727108184,DaSyR8Tw+qEfyA,DaSyR8Tw+qEfyA,2,kAnb8OqPfJKVvg
46139571011904,4,9599857131840,2024-09-23 12:16:24-04,2024-09-23 12:16:24-04,gid://shopify/ProductImage/46139571011904,635,560,https://cdn.shopify.com/s/files/1/0894/9868/1664/files/e60d1540185ee255777337253ca2c12c.jpg?v=1727108184,DaSyR8Tw+qEfyA,DaSyR8Tw+qEfyA,3,NC8om+QgvJgoSg
46139571044672,5,9599857131840,2024-09-23 12:16:24-04,2024-09-23 12:16:24-04,gid://shopify/ProductImage/46139571044672,635,560,https://cdn.shopify.com/s/files/1/0894/9868/1664/files/0e58afcbaca0ca4565c195d678d1619f.jpg?v=1727108184,DaSyR8Tw+qEfyA,DaSyR8Tw+qEfyA,4,ZcdRMnBB/ft20A
46139571601728,1,9599857164608,2024-09-23 12:16:29-04,2024-09-23 12:16:29-04,gid://shopify/ProductImage/46139571601728,635,560,https://cdn.shopify.com/s/files/1/0894/9868/1664/files/7902bf65776d504e75f86c8e8781d802.jpg?v=1727108189,LZ6PCMCUk0A8Kg,LZ6PCMCUk0A8Kg,0,DkJ10PpWn2gwBw
46139571634496,2,9599857164608,2024-09-23 12:16:29-04,2024-09-23 12:16:29-04,gid://shopify/ProductImage/46139571634496,635,560,https://cdn.shopify.com/s/files/1/0894/9868/1664/files/7e4ed4d7bcaacd26e7f097b409482b69.jpg?v=1727108189,LZ6PCMCUk0A8Kg,LZ6PCMCUk0A8Kg,1,JOYzfe4N8fL0FA
46139571667264,3,9599857164608,2024-09-23 12:16:29-04,2024-09-23 12:16:29-04,gid://shopify/ProductImage/46139571667264,635,560,https://cdn.shopify.com/s/files/1/0894/9868/1664/files/c949bf0d87f8b78d40168b5151722e85.jpg?v=1727108189,LZ6PCMCUk0A8Kg,LZ6PCMCUk0A8Kg,2,B6NDeG7+fjn9Sg
46139571732800,4,9599857164608,2024-09-23 12:16:29-04,2024-09-23 12:16:29-04,gid://shopify/ProductImage/46139571732800,635,560,https://cdn.shopify.com/s/files/1/0894/9868/1664/files/e7c08b210a216180cf2fd67db48a2f00.jpg?v=1727108189,LZ6PCMCUk0A8Kg,LZ6PCMCUk0A8Kg,3,8udL3TmZNfDXzQ
46139571798336,5,9599857164608,2024-09-23 12:16:29-04,2024-09-23 12:16:29-04,gid://shopify/ProductImage/46139571798336,635,560,https://cdn.shopify.com/s/files/1/0894/9868/1664/files/38477bb8d671b64c9609744176e6f1fc.jpg?v=1727108189,LZ6PCMCUk0A8Kg,LZ6PCMCUk0A8Kg,4,LJ0BMbDQxHi/4Q
46139572060480,1,9599857197376,2024-09-23 12:16:34-04,2024-09-23 12:16:34-04,gid://shopify/ProductImage/46139572060480,635,560,https://cdn.shopify.com/s/files/1/0894/9868/1664/files/327cd936d9a9c409cd8b36987158013f.jpg?v=1727108194,lzptkT77MFm6JA,lzptkT77MFm6JA,0,yjbspAySrM9cLA
46139572093248,2,9599857197376,2024-09-23 12:16:34-04,2024-09-23 12:16:34-04,gid://shopify/ProductImage/46139572093248,635,560,https://cdn.shopify.com/s/files/1/0894/9868/1664/files/3b4c16b45a527577c1593577e61e3582.jpg?v=1727108194,lzptkT77MFm6JA,lzptkT77MFm6JA,1,aVMFinV+7q6jsQ
46139572126016,3,9599857197376,2024-09-23 12:16:34-04,2024-09-23 12:16:34-04,gid://shopify/ProductImage/46139572126016,635,560,https://cdn.shopify.com/s/files/1/0894/9868/1664/files/95d47d370756e9b154d4c501f8320e38.jpg?v=1727108194,lzptkT77MFm6JA,lzptkT77MFm6JA,2,EXZDy/lX9A+VGw
46139572158784,4,9599857197376,2024-09-23 12:16:35-04,2024-09-23 12:16:35-04,gid://shopify/ProductImage/46139572158784,635,560,https://cdn.shopify.com/s/files/1/0894/9868/1664/files/c461facd876a1d239856452e67eb6eca.jpg?v=1727108194,lzptkT77MFm6JA,lzptkT77MFm6JA,3,+EPyujj38dlkmA
46139572191552,5,9599857197376,2024-09-23 12:16:35-04,2024-09-23 12:16:35-04,gid://shopify/ProductImage/46139572191552,635,560,https://cdn.shopify.com/s/files/1/0894/9868/1664/files/3b86153167fd83f23d8439ce2915dbea.jpg?v=1727108194,lzptkT77MFm6JA,lzptkT77MFm6JA,4,W8L6tYs7YJZ6pw
46139572977984,1,9599857295680,2024-09-23 12:16:40-04,2024-09-23 12:16:40-04,gid://shopify/ProductImage/46139572977984,635,560,https://cdn.shopify.com/s/files/1/0894/9868/1664/files/09ba62adafa6de79108792f1e5467f6e.jpg?v=1727108200,He/V0o8W0PJ5aQ,He/V0o8W0PJ5aQ,0,sP6CrfoP4wSvmA
46139573043520,2,9599857295680,2024-09-23 12:16:40-04,2024-09-23 12:16:40-04,gid://shopify/ProductImage/46139573043520,635,560,https://cdn.shopify.com/s/files/1/0894/9868/1664/files/6996e186647807bebac34facded1b121.jpg?v=1727108200,He/V0o8W0PJ5aQ,He/V0o8W0PJ5aQ,1,eGOVci0nSFtmPA
46139573076288,3,9599857295680,2024-09-23 12:16:40-04,2024-09-23 12:16:40-04,gid://shopify/ProductImage/46139573076288,635,560,https://cdn.shopify.com/s/files/1/0894/9868/1664/files/a800346484623127603c77b6ad2d6237.jpg?v=1727108200,He/V0o8W0PJ5aQ,He/V0o8W0PJ5aQ,2,0Zz8vtd5wi6j4g
46139573109056,4,9599857295680,2024-09-23 12:16:40-04,2024-09-23 12:16:40-04,gid://shopify/ProductImage/46139573109056,635,560,https://cdn.shopify.com/s/files/1/0894/9868/1664/files/916ee4322e17f26d06193fec211e2378.jpg?v=1727108200,He/V0o8W0PJ5aQ,He/V0o8W0PJ5aQ,3,EyyFQ5ewbsbG3A
46139573141824,5,9599857295680,2024-09-23 12:16:40-04,2024-09-23 12:16:40-04,gid://shopify/ProductImage/46139573141824,635,560,https://cdn.shopify.com/s/files/1/0894/9868/1664/files/7b92aa501b2b0a8f5f5b8b8ad2b4a7a5.jpg?v=1727108200,He/V0o8W0PJ5aQ,He/V0o8W0PJ5aQ,4,nv6h2599ZbaQLQ
46139574059328,1,9599857393984,2024-09-23 12:16:51-04,2024-09-23 12:16:51-04,gid://shopify/ProductImage/46139574059328,635,560,https://cdn.shopify.com/s/files/1/0894/9868/1664/files/e7a2b189514d134630552681e4c8bc07.jpg?v=1727108211,ImHsLDeGZV4Hlg,ImHsLDeGZV4Hlg,0,PwkdLVtBvKNL0A
46139574092096,2,9599857393984,2024-09-23 12:16:51-04,2024-09-23 12:16:51-04,gid://shopify/ProductImage/46139574092096,635,560,https://cdn.shopify.com/s/files/1/0894/9868/1664/files/5fe3e1be9e0d18d258b82926ae85b615.jpg?v=1727108211,ImHsLDeGZV4Hlg,ImHsLDeGZV4Hlg,1,OI1teDVy6yviCQ
46139574124864,3,9599857393984,2024-09-23 12:16:51-04,2024-09-23 12:16:51-04,gid://shopify/ProductImage/46139574124864,635,560,https://cdn.shopify.com/s/files/1/0894/9868/1664/files/ecea2098a51def12d369589555d311b8.jpg?v=1727108211,ImHsLDeGZV4Hlg,ImHsLDeGZV4Hlg,2,BfJfe3bTU3LjdA
46139574157632,4,9599857393984,2024-09-23 12:16:51-04,2024-09-23 12:16:51-04,gid://shopify/ProductImage/46139574157632,635,560,https://cdn.shopify.com/s/files/1/0894/9868/1664/files/0507c91ca02c25cbadad6a2b0e01c914.jpg?v=1727108211,ImHsLDeGZV4Hlg,ImHsLDeGZV4Hlg,3,gds00sEzfPli1w
46139574190400,5,9599857393984,2024-09-23 12:16:51-04,2024-09-23 12:16:51-04,gid://shopify/ProductImage/46139574190400,635,560,https://cdn.shopify.com/s/files/1/0894/9868/1664/files/a9395927d8bbeb473d8d51156f730f21.jpg?v=1727108211,ImHsLDeGZV4Hlg,ImHsLDeGZV4Hlg,4,4bBZR/bde6hIQQ
46139574878528,1,9599857525056,2024-09-23 12:16:56-04,2024-09-23 12:16:56-04,gid://shopify/ProductImage/46139574878528,635,560,https://cdn.shopify.com/s/files/1/0894/9868/1664/files/401f6d6c355012d9eb8749feda025256.jpg?v=1727108216,ts2yc8IntlGPow,ts2yc8IntlGPow,0,FIzfnhvKqFwaWA
46139574911296,2,9599857525056,2024-09-23 12:16:56-04,2024-09-23 12:16:56-04,gid://shopify/ProductImage/46139574911296,635,560,https://cdn.shopify.com/s/files/1/0894/9868/1664/files/2b2fdffdc54e25749cffcc79cc55064a.jpg?v=1727108216,ts2yc8IntlGPow,ts2yc8IntlGPow,1,2iTaE5t67WGYMQ
46139574944064,3,9599857525056,2024-09-23 12:16:56-04,2024-09-23 12:16:56-04,gid://shopify/ProductImage/46139574944064,635,560,https://cdn.shopify.com/s/files/1/0894/9868/1664/files/b34a89dd1559c69852bd8268db4ed9e2.jpg?v=1727108216,ts2yc8IntlGPow,ts2yc8IntlGPow,2,9sblNMeNG1xrAg
46139574976832,4,9599857525056,2024-09-23 12:16:56-04,2024-09-23 12:16:56-04,gid://shopify/ProductImage/46139574976832,635,560,https://cdn.shopify.com/s/files/1/0894/9868/1664/files/ae9ae979b6a39043dead233f0b95c469.jpg?v=1727108216,ts2yc8IntlGPow,ts2yc8IntlGPow,3,WjZYY++mR5FSSg
46139575009600,5,9599857525056,2024-09-23 12:16:56-04,2024-09-23 12:16:56-04,gid://shopify/ProductImage/46139575009600,635,560,https://cdn.shopify.com/s/files/1/0894/9868/1664/files/d4a80c3f805447df25a794dafa25a8ac.jpg?v=1727108216,ts2yc8IntlGPow,ts2yc8IntlGPow,4,b76zxxION/dNgg
46139575238976,1,9599857557824,2024-09-23 12:17:02-04,2024-09-23 12:17:02-04,gid://shopify/ProductImage/46139575238976,635,560,https://cdn.shopify.com/s/files/1/0894/9868/1664/files/44694ee386818f3276566210464cf341.jpg?v=1727108222,ph9jgoB9WYsl3g,ph9jgoB9WYsl3g,0,dVzep/veWLS2mA
46139575271744,2,9599857557824,2024-09-23 12:17:02-04,2024-09-23 12:17:02-04,gid://shopify/ProductImage/46139575271744,635,560,https://cdn.shopify.com/s/files/1/0894/9868/1664/files/b5176e5151cdf20d15cff3f551274753.jpg?v=1727108222,ph9jgoB9WYsl3g,ph9jgoB9WYsl3g,1,7FQU2PuI5qdr9w
46139575304512,3,9599857557824,2024-09-23 12:17:02-04,2024-09-23 12:17:02-04,gid://shopify/ProductImage/46139575304512,635,560,https://cdn.shopify.com/s/files/1/0894/9868/1664/files/6eb0aa9fdb271e5954b2f0d09a0640e4.jpg?v=1727108222,ph9jgoB9WYsl3g,ph9jgoB9WYsl3g,2,pVUIhicAkrydyQ
46139575337280,4,9599857557824,2024-09-23 12:17:02-04,2024-09-23 12:17:02-04,gid://shopify/ProductImage/46139575337280,635,560,https://cdn.shopify.com/s/files/1/0894/9868/1664/files/015219de8a5be46a3b0a7b9089112d74.jpg?v=1727108222,ph9jgoB9WYsl3g,ph9jgoB9WYsl3g,3,uqf7XqHIaqdC2Q
46139575370048,5,9599857557824,2024-09-23 12:17:02-04,2024-09-23 12:17:02-04,gid://shopify/ProductImage/46139575370048,635,560,https://cdn.shopify.com/s/files/1/0894/9868/1664/files/e8490702c423e6c62d356cace500822f.jpg?v=1727108222,ph9jgoB9WYsl3g,ph9jgoB9WYsl3g,4,dcz9bdoobq2j0w
46139575927104,1,9599857590592,2024-09-23 12:17:07-04,2024-09-23 12:17:07-04,gid://shopify/ProductImage/46139575927104,635,560,https://cdn.shopify.com/s/files/1/0894/9868/1664/files/b6257e8a4b6a5805da251cb090a82b09.jpg?v=1727108227,F38REd/E8n7DAg,F38REd/E8n7DAg,0,65RtUuK3TS3qcQ
46139575959872,2,9599857590592,2024-09-23 12:17:07-04,2024-09-23 12:17:07-04,gid://shopify/ProductImage/46139575959872,635,560,https://cdn.shopify.com/s/files/1/0894/9868/1664/files/d025a70b9e83bf6749e31faffbf0eda2.jpg?v=1727108227,F38REd/E8n7DAg,F38REd/E8n7DAg,1,/IjM+mrTDR7vyQ
46139575992640,3,9599857590592,2024-09-23 12:17:07-04,2024-09-23 12:17:07-04,gid://shopify/ProductImage/46139575992640,635,560,https://cdn.shopify.com/s/files/1/0894/9868/1664/files/aff688191f200039ff779e53441f786e.jpg?v=1727108227,F38REd/E8n7DAg,F38REd/E8n7DAg,2,YtmjDdqbJOLe+w
46139576025408,4,9599857590592,2024-09-23 12:17:07-04,2024-09-23 12:17:07-04,gid://shopify/ProductImage/46139576025408,635,560,https://cdn.shopify.com/s/files/1/0894/9868/1664/files/dad6dc6854fa34fc6c3a653283b72fa8.jpg?v=1727108227,F38REd/E8n7DAg,F38REd/E8n7DAg,3,W8KyhqQxLgWK/w
46139576058176,5,9599857590592,2024-09-23 12:17:07-04,2024-09-23 12:17:07-04,gid://shopify/ProductImage/46139576058176,635,560,https://cdn.shopify.com/s/files/1/0894/9868/1664/files/4082c622251534264e7eedf8f34682f8.jpg?v=1727108227,F38REd/E8n7DAg,F38REd/E8n7DAg,4,8oAJ6GO2+q8j3Q
46139576746304,1,9599857656128,2024-09-23 12:17:13-04,2024-09-23 12:17:13-04,gid://shopify/ProductImage/46139576746304,635,560,https://cdn.shopify.com/s/files/1/0894/9868/1664/files/4e151d7b538e5aba66295f3a5d67b1f4.jpg?v=1727108233,7WHXScPRPHS1qA,7WHXScPRPHS1qA,0,Rm0S1e/z6zUucw
46139576779072,2,9599857656128,2024-09-23 12:17:13-04,2024-09-23 12:17:13-04,gid://shopify/ProductImage/46139576779072,635,560,https://cdn.shopify.com/s/files/1/0894/9868/1664/files/e4f442f26b28594da101d152538d50d2.jpg?v=1727108233,7WHXScPRPHS1qA,7WHXScPRPHS1qA,1,gLWzE/gH6PKG6w
46139576811840,3,9599857656128,2024-09-23 12:17:13-04,2024-09-23 12:17:13-04,gid://shopify/ProductImage/46139576811840,635,560,https://cdn.shopify.com/s/files/1/0894/9868/1664/files/c33f5349bfd035c332b547fc332060bb.jpg?v=1727108233,7WHXScPRPHS1qA,7WHXScPRPHS1qA,2,7UCrrUKloCoXBw
46139576844608,4,9599857656128,2024-09-23 12:17:13-04,2024-09-23 12:17:13-04,gid://shopify/ProductImage/46139576844608,635,560,https://cdn.shopify.com/s/files/1/0894/9868/1664/files/57379e1ebd610e5938fc62a64c800d36.jpg?v=1727108233,7WHXScPRPHS1qA,7WHXScPRPHS1qA,3,tCcwgUcNoEsJ8Q
46139576877376,5,9599857656128,2024-09-23 12:17:13-04,2024-09-23 12:17:13-04,gid://shopify/ProductImage/46139576877376,635,560,https://cdn.shopify.com/s/files/1/0894/9868/1664/files/f04a0ae799824ed5458e4f8c22691354.jpg?v=1727108233,7WHXScPRPHS1qA,7WHXScPRPHS1qA,4,GzorFHc2cv5M9A
46139579072832,1,9599857852736,2024-09-23 12:17:31-04,2024-09-23 12:17:31-04,gid://shopify/ProductImage/46139579072832,560,560,https://cdn.shopify.com/s/files/1/0894/9868/1664/files/d610851e0277cdfbe3402e03be2effd2.jpg?v=1727108251,KvRkNH9XWsiq2g,KvRkNH9XWsiq2g,0,hXowI6iEf/wUOQ
46139579105600,2,9599857852736,2024-09-23 12:17:31-04,2024-09-23 12:17:31-04,gid://shopify/ProductImage/46139579105600,560,560,https://cdn.shopify.com/s/files/1/0894/9868/1664/files/e90ae3bb88769a8dedb76a93953d0471.jpg?v=1727108251,KvRkNH9XWsiq2g,KvRkNH9XWsiq2g,1,JkUjVqrrqSp+dQ
46139579138368,3,9599857852736,2024-09-23 12:17:31-04,2024-09-23 12:17:31-04,gid://shopify/ProductImage/46139579138368,560,560,https://cdn.shopify.com/s/files/1/0894/9868/1664/files/5ad155a45244156a291e25edd17ee672.jpg?v=1727108251,KvRkNH9XWsiq2g,KvRkNH9XWsiq2g,2,oBYQRNMg3w7/8w
46139579171136,4,9599857852736,2024-09-23 12:17:31-04,2024-09-23 12:17:31-04,gid://shopify/ProductImage/46139579171136,560,560,https://cdn.shopify.com/s/files/1/0894/9868/1664/files/e8d7ac1e388fb10ed31fbfe440d274ee.jpg?v=1727108251,KvRkNH9XWsiq2g,KvRkNH9XWsiq2g,3,EWqIp1/sMgaNyA
46139579203904,5,9599857852736,2024-09-23 12:17:31-04,2024-09-23 12:17:31-04,gid://shopify/ProductImage/46139579203904,560,560,https://cdn.shopify.com/s/files/1/0894/9868/1664/files/49e74b9c5a0231a4cbca1c04b0fc79f6.jpg?v=1727108251,KvRkNH9XWsiq2g,KvRkNH9XWsiq2g,4,Gmh9xrIVSreHHQ
46139579564352,1,9599857885504,2024-09-23 12:17:36-04,2024-09-23 12:17:36-04,gid://shopify/ProductImage/46139579564352,635,560,https://cdn.shopify.com/s/files/1/0894/9868/1664/files/62a3dd0421fc5ccf4df6815b3694d734.jpg?v=1727108256,SqwJdOfGjO4Fvw,SqwJdOfGjO4Fvw,0,L/lvwdyuu2ujDQ
46139579597120,2,9599857885504,2024-09-23 12:17:36-04,2024-09-23 12:17:36-04,gid://shopify/ProductImage/46139579597120,635,560,https://cdn.shopify.com/s/files/1/0894/9868/1664/files/ef0746b3c879000196dfce266154b537.jpg?v=1727108256,SqwJdOfGjO4Fvw,SqwJdOfGjO4Fvw,1,0SFdkUm68tO3Vg
46139579629888,3,9599857885504,2024-09-23 12:17:36-04,2024-09-23 12:17:36-04,gid://shopify/ProductImage/46139579629888,635,560,https://cdn.shopify.com/s/files/1/0894/9868/1664/files/544c0236ac6a8def363f3db689aacf08.jpg?v=1727108256,SqwJdOfGjO4Fvw,SqwJdOfGjO4Fvw,2,6yHyjDohoLZjTA
46139582349632,1,9599858016576,2024-09-23 12:17:51-04,2024-09-23 12:17:51-04,gid://shopify/ProductImage/46139582349632,635,560,https://cdn.shopify.com/s/files/1/0894/9868/1664/files/633e8800dbc6dc5704b35fd027e4eeaa.jpg?v=1727108271,LhgRtqWzaC6t+Q,LhgRtqWzaC6t+Q,0,D6mY0XAoygp1BQ
46139582382400,2,9599858016576,2024-09-23 12:17:51-04,2024-09-23 12:17:51-04,gid://shopify/ProductImage/46139582382400,635,560,https://cdn.shopify.com/s/files/1/0894/9868/1664/files/03b22296d47b97717f066ad08efa188a.jpg?v=1727108271,LhgRtqWzaC6t+Q,LhgRtqWzaC6t+Q,1,SFpwx5QT8ada1A
46139582415168,3,9599858016576,2024-09-23 12:17:51-04,2024-09-23 12:17:51-04,gid://shopify/ProductImage/46139582415168,635,560,https://cdn.shopify.com/s/files/1/0894/9868/1664/files/46bfe44252168c8026e3f193a9cae058.jpg?v=1727108271,LhgRtqWzaC6t+Q,LhgRtqWzaC6t+Q,2,LySwNPcaBlMBGQ
46139582447936,4,9599858016576,2024-09-23 12:17:51-04,2024-09-23 12:17:51-04,gid://shopify/ProductImage/46139582447936,635,560,https://cdn.shopify.com/s/files/1/0894/9868/1664/files/908519f7cd4790765ebf6f2c88d5275a.jpg?v=1727108271,LhgRtqWzaC6t+Q,LhgRtqWzaC6t+Q,3,mNCtAyQpWZ4EOg
46139582480704,5,9599858016576,2024-09-23 12:17:51-04,2024-09-23 12:17:51-04,gid://shopify/ProductImage/46139582480704,635,560,https://cdn.shopify.com/s/files/1/0894/9868/1664/files/f4ee52a9e1ea7d0c5b959fe475d2418f.jpg?v=1727108271,LhgRtqWzaC6t+Q,LhgRtqWzaC6t+Q,4,ooBlcOMCK3apdg
46139583594816,1,9599858082112,2024-09-23 12:17:56-04,2024-09-23 12:17:56-04,gid://shopify/ProductImage/46139583594816,635,560,https://cdn.shopify.com/s/files/1/0894/9868/1664/files/fae150570c8ce6ddc4f787bf77b02c95.jpg?v=1727108276,3fVVKlE1EvyMEw,3fVVKlE1EvyMEw,0,v7OkvphKWgt8KA
46139583627584,2,9599858082112,2024-09-23 12:17:56-04,2024-09-23 12:17:56-04,gid://shopify/ProductImage/46139583627584,635,560,https://cdn.shopify.com/s/files/1/0894/9868/1664/files/c7ba291151a4993bca678f735fbe78b4.jpg?v=1727108276,3fVVKlE1EvyMEw,3fVVKlE1EvyMEw,1,BZo5tG0+7ktfeg
46139583660352,3,9599858082112,2024-09-23 12:17:56-04,2024-09-23 12:17:56-04,gid://shopify/ProductImage/46139583660352,635,560,https://cdn.shopify.com/s/files/1/0894/9868/1664/files/1b19e25fcdd1d5f8a4aa625c02f0e04c.jpg?v=1727108276,3fVVKlE1EvyMEw,3fVVKlE1EvyMEw,2,JNoHE8pdv3nHQQ
46139583693120,4,9599858082112,2024-09-23 12:17:56-04,2024-09-23 12:17:56-04,gid://shopify/ProductImage/46139583693120,635,560,https://cdn.shopify.com/s/files/1/0894/9868/1664/files/e1a602299eadb59238aecf3781d184b7.jpg?v=1727108276,3fVVKlE1EvyMEw,3fVVKlE1EvyMEw,3,7R2BpGKHDqX/Eg
46139583725888,5,9599858082112,2024-09-23 12:17:56-04,2024-09-23 12:17:56-04,gid://shopify/ProductImage/46139583725888,635,560,https://cdn.shopify.com/s/files/1/0894/9868/1664/files/6d8a2bfbdcd51482a2b0eaac948acd21.jpg?v=1727108276,3fVVKlE1EvyMEw,3fVVKlE1EvyMEw,4,emcpdgyRsc34XQ
46139584872768,1,9599858180416,2024-09-23 12:18:02-04,2024-09-23 12:18:02-04,gid://shopify/ProductImage/46139584872768,635,560,https://cdn.shopify.com/s/files/1/0894/9868/1664/files/23550440c4ccab05e4fc1ebd85e742cc.jpg?v=1727108282,KIw9yJQcahKX9w,KIw9yJQcahKX9w,0,Wnw7qBAndMtn9w
46139584905536,2,9599858180416,2024-09-23 12:18:02-04,2024-09-23 12:18:02-04,gid://shopify/ProductImage/46139584905536,635,560,https://cdn.shopify.com/s/files/1/0894/9868/1664/files/e4bd9a72977ef0e6f32322165f28d49e.jpg?v=1727108282,KIw9yJQcahKX9w,KIw9yJQcahKX9w,1,fiGyMiqmSTrkvw
46139584938304,3,9599858180416,2024-09-23 12:18:02-04,2024-09-23 12:18:02-04,gid://shopify/ProductImage/46139584938304,635,560,https://cdn.shopify.com/s/files/1/0894/9868/1664/files/3a173ea06223afea8ddebf0ac5d50377.jpg?v=1727108282,KIw9yJQcahKX9w,KIw9yJQcahKX9w,2,G+3YDWRo+Cepkw
46139584971072,4,9599858180416,2024-09-23 12:18:02-04,2024-09-23 12:18:02-04,gid://shopify/ProductImage/46139584971072,635,560,https://cdn.shopify.com/s/files/1/0894/9868/1664/files/3bf0245b901dd69d0cb873a8540b2a82.jpg?v=1727108282,KIw9yJQcahKX9w,KIw9yJQcahKX9w,3,KmSkmItjUdG9dA
46139585036608,5,9599858180416,2024-09-23 12:18:02-04,2024-09-23 12:18:02-04,gid://shopify/ProductImage/46139585036608,635,560,https://cdn.shopify.com/s/files/1/0894/9868/1664/files/78fd46fb89e820a895e55283ee11fea3.jpg?v=1727108282,KIw9yJQcahKX9w,KIw9yJQcahKX9w,4,/pntC03joSMCdg
46139585528128,1,9599858213184,2024-09-23 12:18:08-04,2024-09-23 12:18:08-04,gid://shopify/ProductImage/46139585528128,635,560,https://cdn.shopify.com/s/files/1/0894/9868/1664/files/9e0022e2f92e19ed96c8f908f2cf1b40.jpg?v=1727108287,xs4lVcxnDOKmAw,xs4lVcxnDOKmAw,0,FyxUnjt/dtPylg
46139585593664,2,9599858213184,2024-09-23 12:18:08-04,2024-09-23 12:18:08-04,gid://shopify/ProductImage/46139585593664,635,560,https://cdn.shopify.com/s/files/1/0894/9868/1664/files/ccb1295a4de27c9e22baa70f93c80e11.jpg?v=1727108287,xs4lVcxnDOKmAw,xs4lVcxnDOKmAw,1,KcYuEkGuZs/gNQ
46139585626432,3,9599858213184,2024-09-23 12:18:08-04,2024-09-23 12:18:08-04,gid://shopify/ProductImage/46139585626432,635,560,https://cdn.shopify.com/s/files/1/0894/9868/1664/files/a1c5f2b0c38389be8616b23b4809d1eb.jpg?v=1727108288,xs4lVcxnDOKmAw,xs4lVcxnDOKmAw,2,M/8RTSA4Ua92Ng
46139585659200,4,9599858213184,2024-09-23 12:18:08-04,2024-09-23 12:18:08-04,gid://shopify/ProductImage/46139585659200,635,560,https://cdn.shopify.com/s/files/1/0894/9868/1664/files/e80b902b3f4690444edb80c1462b262c.jpg?v=1727108288,xs4lVcxnDOKmAw,xs4lVcxnDOKmAw,3,o0zCz2QIR8pWLg
46139585724736,5,9599858213184,2024-09-23 12:18:08-04,2024-09-23 12:18:08-04,gid://shopify/ProductImage/46139585724736,635,560,https://cdn.shopify.com/s/files/1/0894/9868/1664/files/d6b14300fa5787e09152538830682ce3.jpg?v=1727108288,xs4lVcxnDOKmAw,xs4lVcxnDOKmAw,4,NRcHmtCvhU5+og
46139586216256,1,9599858278720,2024-09-23 12:18:13-04,2024-09-23 12:18:13-04,gid://shopify/ProductImage/46139586216256,635,560,https://cdn.shopify.com/s/files/1/0894/9868/1664/files/0ea90fb43c087d165cbf985098cc951e.jpg?v=1727108293,/H9RuDpwtIoo5w,/H9RuDpwtIoo5w,0,rKuXfnybEKm0yA
46139586249024,2,9599858278720,2024-09-23 12:18:13-04,2024-09-23 12:18:13-04,gid://shopify/ProductImage/46139586249024,635,560,https://cdn.shopify.com/s/files/1/0894/9868/1664/files/8eeca51f9690c7d3a450ac1afce12447.jpg?v=1727108293,/H9RuDpwtIoo5w,/H9RuDpwtIoo5w,1,ZYO2ej3X5kN03g
46139586281792,3,9599858278720,2024-09-23 12:18:13-04,2024-09-23 12:18:13-04,gid://shopify/ProductImage/46139586281792,635,560,https://cdn.shopify.com/s/files/1/0894/9868/1664/files/e62b9da2f06b91ca1e2ef42437cfd265.jpg?v=1727108293,/H9RuDpwtIoo5w,/H9RuDpwtIoo5w,2,iEfPANqyhkuDng
46139586314560,4,9599858278720,2024-09-23 12:18:13-04,2024-09-23 12:18:13-04,gid://shopify/ProductImage/46139586314560,635,560,https://cdn.shopify.com/s/files/1/0894/9868/1664/files/46a7bbc695d01a6b0e5fee283cbfba99.jpg?v=1727108293,/H9RuDpwtIoo5w,/H9RuDpwtIoo5w,3,fJ3J/sY0g79YjA
46139586347328,5,9599858278720,2024-09-23 12:18:13-04,2024-09-23 12:18:13-04,gid://shopify/ProductImage/46139586347328,635,560,https://cdn.shopify.com/s/files/1/0894/9868/1664/files/986a2b052ada03689c1c0a576fd00d94.jpg?v=1727108293,/H9RuDpwtIoo5w,/H9RuDpwtIoo5w,4,e+GKWVqHeDvwow
46139588084032,1,9599858442560,2024-09-23 12:18:26-04,2024-09-23 12:18:26-04,gid://shopify/ProductImage/46139588084032,635,560,https://cdn.shopify.com/s/files/1/0894/9868/1664/files/995988006b97471478db3371d573bfaf.jpg?v=1727108306,FZ1ieChM/u0qAw,FZ1ieChM/u0qAw,0,REVMj7G/Hgmrbg
46139588116800,2,9599858442560,2024-09-23 12:18:26-04,2024-09-23 12:18:26-04,gid://shopify/ProductImage/46139588116800,635,560,https://cdn.shopify.com/s/files/1/0894/9868/1664/files/b0ab17055d14298b4adb7499b23cb0bd.jpg?v=1727108306,FZ1ieChM/u0qAw,FZ1ieChM/u0qAw,1,kj/TnyaxImSDew
46139588149568,3,9599858442560,2024-09-23 12:18:26-04,2024-09-23 12:18:26-04,gid://shopify/ProductImage/46139588149568,635,560,https://cdn.shopify.com/s/files/1/0894/9868/1664/files/97da9be116d931319e458251c546a8cc.jpg?v=1727108306,FZ1ieChM/u0qAw,FZ1ieChM/u0qAw,2,VGdqjRJyYiLP1A
46139588182336,4,9599858442560,2024-09-23 12:18:26-04,2024-09-23 12:18:26-04,gid://shopify/ProductImage/46139588182336,635,560,https://cdn.shopify.com/s/files/1/0894/9868/1664/files/fde9f9b5276e4fa87968fcced7d2b254.jpg?v=1727108306,FZ1ieChM/u0qAw,FZ1ieChM/u0qAw,3,SMKlSU/y8CSx5w
46139590377792,1,9599858639168,2024-09-23 12:18:40-04,2024-09-23 12:18:40-04,gid://shopify/ProductImage/46139590377792,635,560,https://cdn.shopify.com/s/files/1/0894/9868/1664/files/85cc58608bf138a50036bcfe86a3a362.jpg?v=1727108320,OFA5jZ3rNM8/TA,OFA5jZ3rNM8/TA,0,KNqXgfPG1S4bPQ
46139590410560,2,9599858639168,2024-09-23 12:18:40-04,2024-09-23 12:18:40-04,gid://shopify/ProductImage/46139590410560,635,560,https://cdn.shopify.com/s/files/1/0894/9868/1664/files/8a029d2035bfb80e473361dfc08449be.jpg?v=1727108320,OFA5jZ3rNM8/TA,OFA5jZ3rNM8/TA,1,Q3+8ra2Rydt4lw
46139590443328,3,9599858639168,2024-09-23 12:18:40-04,2024-09-23 12:18:40-04,gid://shopify/ProductImage/46139590443328,635,560,https://cdn.shopify.com/s/files/1/0894/9868/1664/files/ad50775123e20f3d1af2bd07046b777d.jpg?v=1727108320,OFA5jZ3rNM8/TA,OFA5jZ3rNM8/TA,2,mQXjEEh6kIIGRg
